{
  "project_info": {
    "project_number": "801887520713",
    "project_id": "loja-teste-9bb96",
    "storage_bucket": "loja-teste-9bb96.appspot.com"
  },
  "client": [
    {
      "client_info": {
        "mobilesdk_app_id": "1:801887520713:android:8aae2bc0294377e369ca18",
        "android_client_info": {
          "package_name": "com.example.loja_teste"
        }
      },
      "oauth_client": [
        {
          "client_id": "801887520713-dca56n8qlrh5mo30m9tmlgatofe4pttk.apps.googleusercontent.com",
          "client_type": 3
        }
      ],
      "api_key": [
        {
          "current_key": "AIzaSyCWaicrt2KIgzn3jyxrtnHF5Ky0BVABiLo"
        }
      ],
      "services": {
        "appinvite_service": {
          "other_platform_oauth_client": [
            {
              "client_id": "801887520713-dca56n8qlrh5mo30m9tmlgatofe4pttk.apps.googleusercontent.com",
              "client_type": 3
            }
          ]
        }
      }
    }
  ],
  "configuration_version": "1"
}