{
  "project_info": {
    "project_number": "905320809031",
    "project_id": "fir-teste-f6085",
    "storage_bucket": "fir-teste-f6085.appspot.com"
  },
  "client": [
    {
      "client_info": {
        "mobilesdk_app_id": "1:905320809031:android:8d18c4edbec3b7ff2ba762",
        "android_client_info": {
          "package_name": "com.example.firebase_teste"
        }
      },
      "oauth_client": [
        {
          "client_id": "905320809031-lbl8kac6el8up9jfbb1o5iiggjrn1td2.apps.googleusercontent.com",
          "client_type": 3
        }
      ],
      "api_key": [
        {
          "current_key": "AIzaSyBWZ5LwPDajWGLX2QUA-fqGPqcPBh4Surg"
        }
      ],
      "services": {
        "appinvite_service": {
          "other_platform_oauth_client": [
            {
              "client_id": "905320809031-lbl8kac6el8up9jfbb1o5iiggjrn1td2.apps.googleusercontent.com",
              "client_type": 3
            }
          ]
        }
      }
    }
  ],
  "configuration_version": "1"
}